shading_percent,temperature_c,soil_moisture,yield_kg
41.6,16.7,61.2,5.31
44.3,18.5,59.8,8.74
64.4,10.6,46.8,5.4
30.5,19.0,56.6,3.57
30.8,19.3,57.3,10.52
77.5,19.1,52.2,6.74
37.6,16.9,44.7,5.28
80.1,20.5,50.4,7.18
33.6,21.0,54.8,11.36
59.5,18.0,53.0,9.49
52.8,18.6,51.2,9.13
49.3,17.4,50.1,9.08
39.0,16.3,55.8,6.45
39.8,18.2,49.7,9.29
64.3,17.2,52.6,6.08
32.2,15.3,40.0,4.75
52.1,15.5,56.2,7.78
53.3,12.9,54.8,8.08
65.6,16.0,56.6,6.08
45.9,14.1,55.8,9.65
65.4,19.0,55.1,6.26
47.8,18.4,56.9,11.37
41.9,20.1,52.2,6.42
56.7,19.1,58.0,10.61
44.7,18.1,49.4,8.5
59.0,18.9,63.8,8.57
37.4,16.5,46.5,9.28
57.3,19.4,67.4,6.08
42.9,20.2,58.0,10.38
33.3,22.7,68.4,8.81
59.8,16.2,58.7,8.65
76.4,19.1,49.7,7.71
45.6,19.6,64.8,5.48
24.3,18.5,60.2,8.76
21.4,20.2,63.8,5.03
61.7,16.4,52.2,7.57
71.7,18.5,58.7,6.66
31.9,21.3,53.0,10.39
33.2,17.6,53.0,8.91
46.0,15.2,59.4,4.01
59.8,15.2,56.9,7.81
53.4,17.1,52.6,8.56
30.8,21.2,62.0,10.8
41.6,21.7,60.9,5.94
50.7,16.4,54.0,10.84
33.6,23.2,62.3,7.09
45.7,19.5,59.8,6.3
33.7,17.3,63.4,7.41
44.1,15.8,47.6,9.67
42.2,17.1,53.3,8.43
37.4,15.2,46.8,7.36
25.7,18.7,53.7,11.91
36.4,20.0,50.1,8.41
32.4,18.8,59.8,5.37
35.3,19.0,49.4,4.39
75.7,15.4,50.1,5.71
59.5,20.4,64.8,10.64
35.7,21.7,63.0,4.76
25.7,17.7,58.0,5.1
19.4,17.3,55.1,8.83
52.7,18.8,59.4,5.37
70.9,18.5,54.8,11.11
30.3,20.9,51.5,7.65
32.6,19.7,59.8,11.16
46.7,17.2,47.9,1.57
46.1,17.0,55.8,6.3
50.4,15.1,62.0,8.66
45.1,19.7,50.8,8.88
54.1,16.4,53.3,13.46
46.3,18.7,58.4,7.95
69.1,18.2,63.0,5.58
62.4,19.5,57.3,8.39
66.2,14.1,52.6,6.77
32.4,18.5,53.7,8.97
51.1,15.6,48.6,8.26
34.2,16.7,57.6,8.73
57.6,20.3,56.2,7.99
17.7,19.4,61.2,8.39
49.5,17.2,58.0,7.44
56.1,16.3,50.8,5.3
51.0,22.3,58.4,7.67
67.2,15.7,49.0,6.71
58.0,15.8,55.1,6.8
64.4,16.7,50.8,3.43
70.8,21.7,63.8,8.42
24.1,17.0,56.2,7.11
75.2,19.1,47.6,3.38
42.9,15.1,45.0,3.53
42.2,18.3,59.8,8.74
50.1,15.8,51.9,5.29
34.3,18.1,48.6,8.42
61.2,15.0,59.8,7.33
43.4,17.8,52.2,8.57
59.3,15.9,60.9,3.75
57.4,18.0,50.1,6.19
34.7,17.8,56.2,7.64
36.2,17.1,53.0,6.95
38.7,19.4,52.6,3.57
49.2,16.5,47.6,7.33
60.4,18.5,49.0,6.78
57.6,17.5,52.2,5.64
20.5,17.1,53.3,9.6
50.0,16.7,53.7,10.67
34.1,16.2,58.7,6.88
74.4,15.8,48.3,7.48
65.7,20.3,62.3,4.55
60.7,19.9,67.0,4.96
43.6,18.8,50.8,5.74
57.2,19.6,54.8,5.26
29.1,20.3,63.8,5.23
77.5,18.7,62.7,0.1
62.4,18.8,57.6,5.08
44.8,19.6,60.5,8.05
27.4,15.1,51.2,8.96
57.4,15.9,54.0,14.1
41.4,19.0,55.8,11.09
63.8,19.6,57.6,6.04
33.1,19.7,63.0,7.53
15.8,18.0,63.4,7.48
40.3,15.2,55.1,8.93
32.7,14.6,50.4,4.74
24.7,14.2,50.8,7.07
49.5,19.5,54.4,9.74
39.2,20.6,69.5,9.07
44.6,20.4,56.9,9.39
46.8,19.2,51.5,6.83
34.4,17.3,63.0,8.19
48.0,19.4,51.9,7.9
69.8,16.4,59.8,7.62
24.0,16.8,54.8,8.86
23.3,16.4,49.0,6.21
50.6,15.8,55.1,8.83
60.3,17.1,49.4,3.04
63.0,23.2,65.2,3.51
30.6,17.5,56.9,12.13
36.8,18.3,63.8,2.47
74.9,20.0,60.9,4.55
53.3,16.8,64.8,3.84
54.3,20.2,56.6,5.8
61.4,17.3,56.9,4.77
56.8,15.3,42.9,6.9
32.2,17.2,61.6,5.21
28.6,18.8,48.6,9.9
42.3,22.0,59.8,4.16
42.3,22.3,62.0,8.06
40.8,21.8,55.1,8.3
68.8,19.2,64.5,6.8
29.9,16.7,57.3,9.94
34.4,17.3,63.0,8.19
75.8,18.7,49.0,5.51
56.6,18.7,62.0,0.91
28.4,14.7,49.4,10.42
40.1,18.3,60.9,3.05
45.5,17.3,51.9,5.61
49.9,17.0,48.6,8.0
62.6,19.2,61.6,8.29
61.9,18.2,63.0,7.43
61.5,19.6,56.9,7.76
26.2,18.8,58.0,9.28
44.4,20.1,52.2,6.98
24.4,16.5,60.2,9.13
65.7,15.3,48.6,7.51
36.8,17.9,61.2,8.22
54.0,18.1,49.4,8.43
67.7,16.7,54.4,7.58
47.2,17.0,51.5,10.1
73.5,19.7,59.4,6.54
39.8,20.7,50.8,5.58
64.3,15.8,44.0,4.67
39.3,22.2,59.8,8.64
47.8,20.2,63.8,7.44
48.8,21.2,61.6,3.1
44.4,13.9,53.7,6.27
32.7,18.6,65.9,8.25
57.2,20.6,61.2,2.73
24.8,18.8,59.1,11.08
25.1,20.6,58.7,7.77
36.3,16.1,50.8,6.4
31.9,16.1,56.6,4.63
69.0,16.7,55.5,7.58
47.9,19.8,53.3,6.94
37.6,18.0,55.1,7.79
54.2,17.2,52.6,7.34
61.1,18.0,58.0,5.63
35.3,16.1,62.0,7.01
36.7,15.5,43.2,7.15
46.1,15.8,58.7,4.49
31.9,21.0,65.6,6.97
56.1,16.9,51.9,9.19
46.2,16.2,50.8,6.34
54.2,18.8,59.1,9.66
37.7,16.0,54.8,8.17
71.4,16.9,53.7,7.95
44.2,19.5,59.8,6.29
40.8,18.4,54.0,9.08
40.6,18.1,58.7,12.9
57.1,20.0,61.2,5.49
34.4,23.2,66.6,5.18
36.2,17.9,50.4,10.54
50.0,16.2,60.5,5.18
60.3,19.6,55.1,6.27
44.9,19.7,54.0,11.61
54.5,20.9,56.9,5.91
35.4,20.0,50.1,10.4
59.3,18.9,51.9,6.97
59.4,17.5,52.6,9.52
28.6,17.6,53.7,11.34
35.2,17.3,56.2,9.95
17.7,17.2,55.8,6.85
52.2,16.5,51.9,7.87
32.3,21.3,59.1,8.03
44.2,17.5,64.1,7.15
62.5,20.1,65.9,7.32
48.7,18.9,62.7,7.82
57.6,18.6,52.6,9.54
53.1,17.4,52.2,10.39
49.7,16.9,50.4,6.2
23.3,16.9,56.9,7.62
50.8,17.6,55.8,11.03
61.1,15.9,57.3,6.92
40.5,18.7,55.5,11.38
54.7,19.3,59.8,7.47
70.8,22.5,60.9,5.47
53.2,20.3,65.6,4.09
42.2,14.8,54.0,11.58
18.8,18.8,59.4,7.62
60.7,14.9,52.6,6.67
29.7,16.1,57.6,13.66
48.4,17.8,58.7,11.72
54.7,18.2,48.6,7.87
57.3,18.4,55.5,7.62
40.4,18.8,64.8,6.9
29.0,16.1,51.9,8.18
43.7,18.0,58.4,8.92
17.1,20.4,59.4,7.69
43.4,21.5,71.7,3.99
32.7,16.1,42.9,8.6
19.7,18.2,55.1,7.18
58.5,20.6,57.6,12.7
47.6,18.2,57.3,7.25
50.0,15.2,48.3,8.78
38.1,17.5,65.9,5.73
48.4,19.4,53.3,7.41
68.5,15.5,55.8,7.67
56.1,18.6,56.6,11.99
36.0,19.4,62.0,6.37
41.7,16.9,55.1,9.54
39.0,15.2,54.4,10.74
66.9,21.9,61.2,3.83
40.3,18.0,50.4,5.7
40.5,14.2,57.3,4.75
46.9,16.9,50.8,6.58
46.1,14.6,56.9,5.76
43.7,18.8,55.1,6.13
46.1,14.2,54.0,11.38
28.9,17.7,49.0,4.56
80.3,19.4,59.4,10.92
57.7,21.2,65.9,5.04
47.1,12.0,48.3,4.41
31.8,16.3,50.4,7.65
53.4,17.4,46.1,7.34
26.8,14.5,54.8,7.96
61.2,18.1,51.9,5.24
42.3,18.2,42.2,1.91
36.9,17.1,52.2,9.71
82.2,15.9,47.9,1.81
61.4,19.8,63.4,4.64
37.3,15.6,45.0,8.04
42.5,21.2,59.8,6.37
33.6,18.4,56.9,9.42
33.4,18.6,52.2,13.03
56.2,14.6,47.2,6.48
51.2,20.2,51.2,9.18
41.9,19.1,59.4,4.99
46.8,19.5,59.1,10.11
48.1,19.2,50.4,8.99
26.5,19.6,54.0,9.75
51.2,18.7,55.8,9.85
0.0,16.2,53.0,11.81
41.8,14.9,58.4,8.6
46.3,20.6,51.5,8.86
24.7,15.9,58.7,7.76
55.1,16.2,57.3,3.69
65.3,22.0,64.1,4.89
44.1,18.8,60.5,3.83
45.7,17.0,53.0,6.54
60.3,17.4,59.1,6.39
35.5,16.5,47.9,6.47
64.0,16.7,50.1,5.89
44.4,16.8,55.5,6.78
76.9,23.2,64.8,4.54
62.5,15.6,51.9,7.07
61.0,21.1,60.2,4.48
54.3,15.4,51.2,4.92
50.4,18.7,58.0,6.65
42.8,20.0,55.5,6.72
21.1,17.7,61.6,9.12
21.8,14.9,55.1,15.5
47.8,18.3,60.5,4.62
42.6,17.0,50.4,11.68
56.7,18.2,57.3,4.93
61.3,14.7,55.8,5.99
51.6,17.6,68.1,5.07
24.2,19.1,54.0,12.16
40.6,17.7,55.5,11.06
25.1,14.7,46.8,6.47
32.5,18.9,53.3,10.9
42.5,17.9,60.5,8.56
43.9,19.0,60.2,9.75
44.8,16.6,58.4,3.83
41.3,19.9,46.8,9.27
60.3,17.2,52.6,10.38
59.1,20.4,62.3,4.72
43.9,15.9,60.2,7.64
41.6,18.7,56.9,9.1
34.2,18.0,51.2,3.84
24.1,21.8,49.4,5.35
52.1,17.6,63.8,8.59
59.6,16.5,55.8,8.7
42.0,19.2,54.8,8.76
61.7,18.3,61.6,7.4
23.0,15.4,54.4,8.18
52.1,17.1,49.4,8.64
47.7,15.0,42.9,5.81
38.9,18.6,61.2,11.07
38.1,17.3,56.9,9.85
45.8,22.6,61.6,7.22
50.0,18.2,55.5,6.68
66.7,17.7,53.7,9.04
25.1,20.7,61.6,4.65
54.7,18.1,48.6,7.75
40.1,15.9,62.3,9.23
21.7,17.1,46.5,8.41
28.7,20.3,60.9,6.95
58.9,19.9,62.7,4.2
19.9,17.6,65.2,8.15
38.3,17.5,51.5,8.87
44.2,15.8,50.4,7.13
55.1,14.6,51.9,2.69
42.0,16.6,52.6,6.72
58.6,16.7,47.9,3.95
40.0,16.6,48.6,6.83
33.6,15.9,53.3,8.13
46.0,19.7,54.4,11.28
39.3,20.0,58.4,8.03
46.0,16.4,53.3,9.82
57.6,20.4,59.1,7.46
22.0,19.0,49.4,10.95
27.9,22.5,56.9,10.19
39.1,19.0,54.4,10.22
52.1,17.3,53.3,11.17
68.5,20.2,59.8,3.27
60.9,18.7,62.0,5.16
62.3,18.7,57.3,8.14
52.0,20.5,54.0,9.77
30.1,20.3,56.6,11.16
45.3,17.2,56.2,7.53
55.1,19.6,60.9,5.14
43.2,20.5,48.3,6.37
64.8,16.6,65.2,6.02
40.0,17.7,54.0,9.24
57.7,17.0,52.6,5.59
42.7,16.5,61.2,8.48
30.0,19.1,68.1,4.87
36.6,19.7,57.3,8.66
37.5,16.9,59.4,5.37
31.5,18.0,63.0,5.77
56.0,17.0,51.5,7.18
54.2,18.9,45.4,7.76
55.1,16.7,53.0,7.28
30.7,15.8,59.1,7.93
40.9,17.2,57.3,11.03
35.7,18.3,50.1,9.25
43.0,17.9,59.4,10.8
52.2,17.8,55.5,10.31
66.7,13.3,58.4,9.58
51.4,18.0,51.9,7.3
55.0,18.8,51.2,5.56
70.0,15.7,53.7,6.9
43.1,16.7,56.6,8.28
61.0,16.2,50.4,11.73
46.0,17.4,59.8,6.86
76.5,20.1,54.8,7.77
55.0,16.4,53.7,9.7
55.4,16.8,50.4,4.96
49.4,18.0,60.5,8.01
72.2,18.3,69.2,2.19
29.4,13.8,62.3,2.11
60.3,18.6,56.6,8.82
55.4,17.2,60.2,7.94
55.1,17.6,57.6,10.43
68.2,18.8,59.1,3.94
58.1,16.3,52.2,9.91
27.8,18.5,53.3,4.32
53.9,15.9,63.8,4.94
28.8,18.9,60.2,7.09
18.5,17.3,55.1,8.66
28.8,16.5,47.2,7.54
55.1,19.1,61.6,3.87
52.4,21.8,73.1,4.87
46.6,17.5,58.4,4.76
42.1,17.9,56.9,9.84
59.0,16.4,44.7,3.3
57.2,18.3,58.0,9.69
49.1,17.3,54.8,9.28
40.3,16.4,49.0,10.62
65.3,18.0,51.9,7.06
51.9,20.0,60.2,7.37
25.2,18.2,47.9,7.48
61.1,18.1,62.3,6.59
41.4,21.1,58.7,6.3
67.9,20.6,55.1,8.13
62.3,18.6,62.3,4.07
44.2,17.4,48.6,6.24
34.3,17.2,55.8,9.81
46.8,19.0,55.8,7.01
75.1,20.5,60.2,8.75
38.1,22.1,63.8,5.48
49.9,22.9,56.9,8.95
61.9,15.8,58.4,6.46
37.3,18.6,63.0,3.07
68.9,20.0,52.2,1.48
36.5,16.2,56.6,8.19
75.5,17.5,62.7,9.52
56.8,15.4,48.3,7.11
49.5,16.7,58.4,8.44
51.9,18.3,49.7,7.37
33.3,19.2,64.1,9.62
65.1,18.2,57.3,9.74
49.2,20.2,54.8,9.06
41.2,19.1,62.3,6.47
25.6,20.3,62.3,4.94
40.6,16.3,50.1,3.23
46.1,17.0,54.8,10.41
36.5,19.9,60.5,5.56
32.4,19.7,65.2,4.72
43.0,18.8,60.2,10.72
35.8,15.0,48.3,5.1
54.2,16.6,54.8,10.08
51.2,18.0,62.7,4.06
48.5,18.5,52.2,7.73
29.0,22.7,55.1,6.06
43.6,18.0,44.7,2.3
47.0,19.1,47.6,8.2
49.8,18.3,61.6,4.44
64.9,16.5,49.7,2.42
57.2,18.7,54.4,8.46
61.1,19.3,48.6,7.07
34.8,17.6,56.2,8.69
70.4,15.9,55.5,7.15
67.7,17.7,56.6,10.59
47.8,17.3,51.9,6.79
70.3,18.5,60.9,11.08
38.4,19.7,56.6,6.75
50.2,19.2,48.3,6.86
65.8,18.7,50.4,7.58
59.5,18.8,47.2,8.89
32.7,21.8,65.2,7.18
34.7,18.4,62.3,6.43
48.5,19.2,54.0,8.66
51.1,17.7,58.0,7.58
36.5,14.5,60.5,10.11
25.2,18.5,56.2,9.8
22.3,20.8,53.7,14.36
61.6,18.0,47.2,5.76
57.3,15.7,59.1,8.33
64.6,16.2,61.2,5.86
53.1,17.1,55.1,7.09
79.3,15.0,57.3,6.67
56.2,18.3,54.4,10.17
56.2,19.7,59.8,6.37
68.7,19.8,56.6,4.19
48.1,21.7,53.3,6.1
32.7,18.5,46.8,8.78
34.2,17.3,53.3,8.26
27.3,20.1,68.8,4.94
49.4,19.0,55.5,10.13
69.3,17.0,52.6,5.2
68.7,17.2,60.9,9.03
26.9,15.3,51.9,8.21
77.9,18.9,44.7,4.93
60.8,18.5,65.2,7.79
46.6,17.6,45.0,5.1
26.2,17.5,62.7,7.45
64.4,15.5,54.0,6.1
38.7,19.4,52.6,3.57
56.1,16.9,51.9,9.19
52.6,17.6,57.3,6.81
56.1,20.5,62.0,4.51
37.9,17.4,58.4,7.71
58.2,20.0,51.9,8.04
23.9,18.6,59.8,2.85
58.8,18.0,54.4,5.69
43.2,17.7,44.3,2.35
45.6,17.1,53.3,11.51
58.3,16.7,46.8,5.52
60.4,17.3,50.1,6.55
42.6,18.8,55.8,5.28
59.4,16.2,58.0,3.47
49.2,16.5,56.9,10.1
53.5,21.4,64.5,2.84
33.2,18.2,57.3,11.93
69.3,19.1,60.5,7.49
64.1,17.3,49.0,2.99
49.2,15.7,46.5,10.02
55.3,19.6,52.2,4.94
34.7,17.2,60.5,10.5
65.3,15.5,59.4,4.6
58.9,14.7,49.4,6.39
50.9,14.6,53.0,7.89
63.0,23.2,65.2,3.51
49.7,13.7,55.5,6.68
53.1,14.4,49.4,6.26
35.4,14.4,54.0,6.57
42.4,14.1,47.2,6.63
34.1,16.1,61.6,9.66
48.2,19.7,65.6,8.43
34.8,21.0,61.6,7.16
38.9,20.5,64.8,6.24
30.9,21.1,63.4,8.81
43.4,15.1,53.3,9.93
50.0,16.9,53.7,4.8
31.3,20.8,46.1,3.84
68.1,16.8,50.4,8.33
40.6,20.2,59.1,7.8
52.0,20.2,61.2,9.1
15.2,18.9,55.1,8.55
67.4,17.8,64.1,3.28
50.0,15.2,49.0,3.94
60.0,18.1,53.3,7.16
51.2,17.5,68.4,2.93
39.3,16.9,51.2,8.33
28.7,16.8,50.1,9.7
55.5,21.0,65.2,7.31
42.9,17.7,63.8,6.88
43.2,16.9,61.6,8.38
54.0,15.9,55.8,8.57
52.0,18.5,59.1,8.76
50.5,16.6,55.1,10.64
59.0,20.0,51.9,9.24
45.8,16.1,50.4,8.94
71.1,15.6,50.1,7.14
31.8,19.4,64.1,9.6
42.1,19.7,59.4,2.58
43.9,19.7,56.2,7.07
50.4,19.3,65.6,7.25
60.5,16.6,47.2,6.64
27.5,17.6,56.6,9.69
32.4,14.6,43.6,4.76
34.1,18.6,62.7,7.42
38.0,18.0,50.4,8.1
50.2,10.9,47.2,0.1
39.3,15.6,46.8,7.79
43.0,19.7,53.0,7.68
41.6,20.5,59.1,5.3
67.1,14.3,54.4,8.5
52.0,20.0,55.5,9.76
40.1,18.4,50.1,6.2
41.3,21.1,62.3,11.17
31.0,19.2,48.6,8.09
35.5,15.5,53.3,9.08
62.1,15.3,57.3,3.86
40.2,18.2,62.0,9.23
52.7,21.6,62.0,2.97
36.8,19.2,55.1,7.18
63.1,15.6,49.4,5.6
67.0,17.8,54.0,9.24
31.9,23.0,62.0,7.49
44.0,15.6,52.6,8.63
35.7,18.9,54.8,9.54
60.5,18.0,49.7,2.9
77.0,20.1,60.9,6.93
27.7,15.2,50.4,9.53
29.5,17.5,58.0,9.71
76.2,14.8,46.8,10.8
38.6,19.0,58.7,8.97
59.9,19.3,57.6,6.8
44.6,17.7,52.6,4.55
66.3,19.3,56.9,5.18
46.6,17.1,58.0,4.63
56.1,20.8,62.7,6.33
35.9,21.0,64.8,8.58
27.3,19.2,54.4,10.79
21.3,16.6,55.1,13.06
41.0,20.1,64.5,9.43
34.6,17.2,47.2,8.57
57.7,15.7,59.8,6.34
44.7,19.8,63.4,3.86
40.7,17.9,55.8,6.85
58.7,17.0,52.6,5.62
54.0,16.6,55.5,11.57
53.0,18.9,62.0,6.33
37.1,16.9,62.7,6.8
50.2,21.0,66.3,5.33
66.5,14.5,47.6,9.09
66.3,15.4,59.1,5.3
73.9,19.0,55.5,5.91
34.2,17.1,56.2,11.39
67.1,18.9,60.5,10.15
24.9,17.6,56.9,8.72
66.9,17.1,54.0,8.94
48.3,17.3,50.8,7.89
56.0,15.9,53.0,4.2
63.4,19.6,54.8,5.34
42.0,15.3,58.0,5.14
40.2,21.2,56.6,5.16
41.7,19.0,59.8,6.04
60.0,16.6,50.4,6.7
78.0,19.2,56.9,10.11
56.2,14.7,45.8,4.56
32.6,19.0,46.1,7.65
64.1,18.0,58.0,6.97
72.1,17.9,48.6,4.94
59.1,16.2,59.4,7.1
43.5,19.8,51.2,8.09
36.4,19.7,62.7,6.41
45.0,18.5,58.7,12.84
74.7,15.1,51.5,10.06
32.3,18.6,63.0,6.25
69.3,18.1,50.4,8.92
56.6,16.6,55.1,7.13
57.3,19.1,62.0,2.81
39.7,17.9,50.4,5.34
34.2,18.0,51.2,3.84
48.1,19.2,50.4,8.99
35.1,19.4,58.4,8.31
61.0,16.6,53.0,6.75
48.4,19.3,49.4,5.52
54.5,20.8,60.2,9.33
51.0,17.6,51.2,8.51
22.6,18.4,51.9,5.88
62.1,19.9,65.9,7.25
30.2,19.8,60.2,4.36
47.4,16.6,53.3,5.96
38.8,15.0,54.8,10.48
60.2,20.9,55.1,8.55
47.5,21.8,70.6,6.87
27.9,16.3,59.8,6.22
31.2,20.0,56.6,5.59
52.5,21.5,64.5,6.88
41.2,16.5,59.8,4.97
52.9,17.7,55.1,6.84
48.4,17.1,51.9,5.23
50.0,16.6,50.4,5.63
32.8,17.8,63.0,8.63
54.0,15.1,53.7,8.54
69.7,18.2,50.1,4.45
31.2,20.0,50.4,11.61
39.3,20.6,60.2,10.3
38.8,17.1,59.8,7.21
29.9,18.0,68.4,5.38
44.7,21.2,44.7,4.81
54.6,18.6,55.5,5.0
68.1,13.8,46.5,6.62
29.8,19.5,66.6,4.12
49.5,16.5,62.3,5.79
53.1,15.6,51.5,10.61
54.6,18.1,63.4,4.37
73.5,14.8,45.8,3.54
31.2,17.8,60.5,8.93
63.5,12.4,48.3,3.69
73.8,19.0,55.5,9.3
67.4,13.9,41.8,4.95
36.4,16.5,53.7,8.55
64.1,16.7,58.0,5.62
30.8,18.0,63.8,9.19
40.2,16.3,54.0,9.63
48.3,20.1,65.2,7.57
33.7,14.3,54.8,10.98
56.6,16.6,55.1,7.13
68.7,17.1,48.3,3.57
52.5,19.9,59.1,7.19
55.4,20.3,60.5,3.25
35.1,20.6,62.3,6.02
41.6,15.7,44.7,6.87
24.6,18.1,45.8,5.74
64.1,17.9,55.5,6.66
63.4,14.7,46.1,8.45
44.2,20.3,48.3,7.07
62.4,17.8,58.7,6.25
59.5,17.7,61.6,1.84
54.7,15.6,45.8,0.58
39.7,23.8,50.4,6.44
67.4,19.2,63.4,7.67
39.7,18.4,54.0,6.38
66.2,18.2,51.9,9.27
62.1,16.4,47.9,5.51
76.3,19.2,52.6,10.14
32.0,20.1,54.4,11.69
53.4,19.5,62.0,4.52
56.5,20.8,55.5,5.89
36.4,14.9,56.9,8.35
21.3,19.0,62.7,6.5
27.5,21.4,62.3,10.39
56.9,18.1,49.7,9.05
47.2,17.1,53.0,7.45
58.7,14.3,47.6,4.48
23.0,20.8,58.0,10.32
30.8,19.6,52.2,9.13
50.3,21.9,59.1,8.2
56.5,17.6,61.2,7.53
45.1,16.5,61.2,5.93
37.1,15.6,49.7,5.41
52.6,17.7,54.0,7.34
43.0,18.7,59.4,7.81
47.2,17.1,63.0,6.2
44.7,14.9,52.6,8.54
30.6,15.3,62.3,5.01
70.6,15.4,48.6,5.9
31.5,16.5,53.0,11.62
45.9,18.6,55.1,7.71
63.3,17.4,45.0,5.29
51.6,20.2,63.0,2.74
29.8,17.3,44.0,10.01
43.1,16.7,52.2,10.34
54.0,17.6,54.4,5.22
13.6,20.1,62.3,6.61
42.9,14.4,55.8,10.87
54.8,17.4,52.2,9.6
57.8,21.0,65.6,5.08
58.7,19.0,64.1,10.11
35.8,18.9,55.8,10.39
60.6,18.3,55.8,7.21
48.6,20.1,58.0,1.77
56.1,18.3,51.2,5.5
39.0,15.4,54.0,9.13
60.0,19.4,60.2,8.55
48.1,17.0,56.9,11.41
35.2,18.9,57.3,9.47
21.5,21.8,55.8,6.87
57.7,20.6,65.6,7.22
66.4,22.0,67.7,3.43
29.4,17.7,65.9,7.04
50.8,18.7,55.5,6.23
56.5,19.8,54.8,7.56
59.9,18.7,63.8,4.16
68.3,11.5,50.1,6.54
45.5,17.5,58.0,10.2
32.2,20.0,60.2,6.01
39.8,15.8,50.4,7.45
29.8,21.2,64.1,6.91
41.7,17.6,56.2,10.03
39.6,22.5,72.4,3.64
46.6,18.3,60.5,6.65
41.3,17.7,62.3,7.69
28.8,17.7,56.9,6.84
27.0,16.4,55.1,9.95
70.5,18.1,63.8,3.78
39.5,18.9,48.3,8.19
59.6,16.1,56.2,8.5
50.4,16.4,53.0,5.97
34.2,19.4,64.5,1.27
63.9,17.1,46.5,8.21
48.3,19.3,47.6,7.79
39.2,20.9,62.3,3.53
36.8,19.9,55.1,9.57
75.2,18.5,57.3,7.74
49.7,15.7,50.4,6.27
53.5,14.6,51.2,5.89
40.1,19.2,66.6,6.95
66.2,16.1,52.6,4.21
24.6,14.1,50.8,7.88
54.0,20.5,51.2,9.11
68.8,19.8,55.1,4.81
60.6,19.6,60.5,7.41
48.6,16.2,46.1,7.41
34.6,17.2,56.6,4.95
46.1,15.9,55.8,8.02
72.7,14.8,51.5,7.63
37.9,15.5,53.0,8.94
40.1,13.7,50.4,2.92
62.1,17.1,62.7,6.44
59.6,17.8,56.9,10.26
51.4,16.7,55.1,4.13
41.0,21.2,61.6,3.39
47.0,17.8,56.2,11.18
43.4,18.8,55.8,9.61
57.4,21.8,50.4,8.94
27.2,16.4,51.5,11.03
25.0,16.3,50.8,9.45
42.3,18.9,53.3,9.28
48.5,18.6,58.7,10.63
42.4,21.8,59.1,8.33
45.6,16.8,56.2,8.16
31.8,21.0,49.4,10.08
52.3,18.5,55.1,10.37
53.6,21.3,50.8,6.27
60.5,19.0,53.0,8.21
52.3,18.5,47.2,6.73
69.6,17.1,47.6,5.31
31.9,17.4,51.9,8.65
46.2,17.8,48.3,4.78
45.0,14.4,44.0,3.67
41.9,21.0,59.4,3.46
67.3,17.7,48.6,8.27
34.9,17.3,60.2,7.72
59.9,16.2,54.0,11.5
28.7,17.7,55.1,10.12
54.5,14.6,48.6,8.75
28.7,21.2,66.6,6.87
42.4,21.6,53.3,5.7
62.5,18.3,59.1,7.41
62.9,17.6,44.7,5.56
43.4,18.4,53.3,8.78
32.7,16.5,52.2,7.79
64.2,18.2,61.2,5.72
46.1,16.3,51.2,7.45
56.7,19.7,60.2,5.1
24.5,22.1,53.7,11.14
78.6,17.7,56.6,6.03
29.1,18.0,59.4,6.37
21.7,17.5,50.4,9.49
59.6,20.1,57.3,4.95
27.3,20.6,56.6,8.71
50.7,19.3,56.9,9.96
35.2,17.3,56.2,9.95
39.0,17.6,53.3,8.02
31.3,21.1,56.9,9.08
52.6,15.5,62.0,7.19
68.7,19.2,55.8,9.79
29.3,17.5,57.3,7.74
49.9,13.3,46.5,5.32
54.7,18.6,53.3,6.04
34.1,18.6,50.8,8.47
52.3,17.0,62.3,5.01
69.2,16.3,56.6,2.61
61.6,17.5,53.0,7.4
28.1,17.1,61.6,6.91
42.7,18.0,58.0,6.58
44.8,21.0,55.5,12.33
48.0,20.0,57.6,7.23
46.0,20.6,65.2,3.69
14.7,20.8,60.9,8.59
72.7,18.5,55.1,7.39
37.3,19.2,59.1,11.22
59.1,18.5,45.4,5.81
70.7,16.2,60.5,8.06
27.1,19.7,53.3,5.47
52.4,15.7,50.8,5.72
44.3,21.5,50.1,7.63
45.5,20.6,62.3,5.37
38.1,19.5,61.6,8.25
47.7,19.6,48.3,4.88
61.1,18.1,62.3,6.59
53.2,19.1,51.9,8.28
47.4,19.5,54.8,8.5
56.4,15.6,50.1,4.36
46.0,18.1,59.8,5.64
70.1,19.6,73.1,5.59
34.3,21.6,55.1,7.26
30.5,16.7,53.7,12.8
53.1,22.2,49.0,3.1
30.8,18.3,59.1,9.39
42.8,19.5,55.1,8.46
70.0,20.6,59.1,7.21
76.0,16.3,47.9,7.24
60.3,15.7,42.9,3.68
66.2,21.3,65.2,4.09
64.4,20.3,58.0,5.84
49.4,18.0,60.5,8.01
50.7,19.1,55.8,10.17
48.2,15.1,60.2,3.0
41.1,19.9,48.6,9.48
40.0,15.5,53.0,5.73
68.3,15.7,61.2,9.45
45.3,17.1,55.1,7.41
47.2,19.0,54.0,5.39
31.1,23.0,69.9,1.61
32.0,14.5,53.7,4.77
61.4,16.8,51.9,9.57
37.8,15.5,53.7,9.08
40.2,16.4,54.4,8.51
61.9,17.4,62.7,3.98
47.6,16.5,54.8,8.58
59.5,17.7,61.6,1.84
48.3,18.3,61.2,6.47
51.2,16.0,52.2,9.13
48.6,18.7,64.8,2.86
47.8,19.0,62.0,3.2
32.8,18.5,56.2,10.23
52.0,20.1,53.7,4.82
35.3,21.0,69.2,6.45
50.6,19.3,53.3,3.7
44.0,19.3,50.4,9.59
52.7,15.0,49.4,4.84
58.9,19.2,51.2,10.28
62.5,21.0,67.0,2.13
49.2,17.9,52.6,8.06
32.4,16.0,52.2,7.19
72.0,16.2,50.1,2.89
48.4,14.8,47.6,5.85
57.8,18.4,54.8,8.85
33.1,15.8,53.3,10.67
41.6,18.8,50.8,11.42
30.9,19.1,50.1,11.64
75.4,17.4,54.0,8.59
14.8,20.1,65.6,5.05
49.2,19.1,62.3,5.31
49.4,18.4,57.3,5.5
60.7,17.1,59.8,6.22
64.7,18.5,53.7,1.11
66.7,17.1,62.0,5.74
27.3,15.4,54.0,8.65
34.2,19.2,58.0,7.94
35.3,21.2,54.0,6.28
25.1,19.5,63.0,6.9
36.5,21.2,67.7,3.61
57.2,18.7,54.0,7.82
58.2,19.7,48.3,4.43
40.4,21.0,56.2,7.27
26.1,16.4,53.0,7.76
52.4,20.0,64.8,4.54
39.1,20.2,56.9,8.27
44.5,17.6,53.3,7.78
46.6,19.0,57.3,6.27
56.9,18.3,59.4,7.96
58.9,14.9,51.2,4.66
47.2,16.6,53.3,8.63
37.0,15.7,54.0,8.24
43.9,16.0,50.1,5.72
51.3,19.4,59.4,11.25
43.1,14.7,50.4,4.04
59.9,16.0,67.4,7.34
52.9,18.2,58.4,3.67
35.8,18.6,63.4,2.55
59.9,17.5,66.3,7.96
43.8,19.4,56.9,4.3
30.7,16.2,48.6,5.03
61.1,15.8,51.5,3.8
50.2,14.2,46.8,4.53
64.3,17.1,60.5,7.42
39.2,17.1,48.3,12.1
35.9,14.8,52.6,6.91
32.9,21.1,68.1,3.97
50.8,19.2,46.5,7.17
37.1,18.9,71.7,6.0
52.3,18.7,64.5,8.72
30.1,18.7,49.7,5.89
65.9,17.9,50.4,5.93
76.0,20.2,66.6,5.53
56.4,17.1,53.7,9.2
74.4,18.1,47.9,2.41
30.4,19.5,47.6,10.55
29.9,22.3,58.4,7.41
53.5,17.4,58.0,5.02
49.8,19.9,61.6,6.04
55.9,21.6,62.7,3.94
61.3,17.8,62.3,8.6
52.1,20.6,58.0,6.59
41.3,18.5,64.1,6.7
12.5,14.6,59.1,5.92
41.5,17.8,49.0,8.04
22.3,19.0,56.6,9.06
34.5,15.8,46.8,3.99
64.5,18.5,49.0,9.23
54.7,16.6,45.4,5.96
32.8,15.0,43.6,4.86
63.4,24.1,63.0,7.58
19.9,16.3,50.4,10.23
41.8,20.9,69.2,6.0
62.8,18.8,58.4,7.75
57.4,16.9,54.4,4.8
35.9,21.7,68.8,3.48
22.8,18.1,52.6,8.32
42.9,16.2,58.4,3.25
42.6,19.5,64.5,6.12
23.4,17.8,60.9,9.3
60.3,16.2,48.3,8.7
46.2,20.4,50.1,7.09
60.9,20.9,62.7,12.27
28.9,19.7,49.0,5.99
39.8,19.0,50.1,11.82
44.2,19.3,66.6,8.24
56.2,17.3,59.8,6.94
35.8,15.0,48.3,5.1
43.1,16.7,56.6,8.28
33.3,17.2,52.2,5.07
53.9,17.7,58.7,3.46
45.5,16.4,48.6,10.0
46.7,15.6,55.8,4.14
48.0,19.0,53.0,15.76
54.4,22.7,60.2,4.08
58.1,15.5,47.9,0.8
63.4,16.0,49.7,5.72
54.8,18.1,55.8,8.58
44.7,17.2,51.2,7.96
60.0,17.9,55.1,5.9
76.2,17.7,61.6,5.74
44.5,19.4,55.8,9.73
30.9,17.0,60.9,6.37
36.2,17.9,50.4,10.54
52.8,16.1,62.7,4.52
63.4,21.8,65.2,5.81
25.4,16.3,61.6,7.71
54.4,22.8,62.7,6.84
28.0,17.7,57.3,6.92
26.9,17.0,51.9,8.03
43.0,18.5,54.4,7.48
37.4,19.7,60.9,6.87
35.4,19.9,61.6,7.05
42.4,18.9,49.7,9.21
40.6,18.9,59.8,8.33
28.7,20.1,55.1,5.4
51.7,16.9,58.0,5.61
63.4,19.6,54.8,5.34
18.6,16.6,44.3,9.91
60.7,17.1,50.8,8.91
56.4,21.5,62.7,3.95
45.1,17.2,47.9,5.88
59.6,16.8,52.2,8.84
27.9,15.8,52.2,8.02
56.8,19.9,58.4,5.57
55.3,20.9,60.5,7.31
31.5,16.5,59.4,10.96
27.8,17.6,55.1,8.23
31.5,20.1,57.3,8.46
58.6,19.4,65.6,3.81
40.8,18.4,51.9,10.48
22.7,15.6,58.7,9.01
49.4,16.2,50.1,11.37
26.9,15.5,52.2,9.42
57.9,18.8,59.1,6.41
35.9,18.1,58.4,7.15
24.6,17.9,59.1,11.43
51.2,15.8,54.8,8.3
38.6,16.3,41.8,6.07
20.5,15.9,48.3,8.72
26.2,15.3,57.3,11.37
77.8,17.2,54.4,7.85
53.7,16.5,49.7,10.0
67.6,19.4,55.1,6.5
32.1,16.5,54.0,9.34
49.6,18.2,46.1,10.96
26.3,17.0,56.9,12.06
36.5,14.9,46.8,8.23
45.5,18.2,43.6,6.35
73.5,20.3,54.8,7.95
47.7,17.2,48.3,5.09
64.4,19.4,51.5,8.5
15.8,19.3,55.5,7.08
55.6,19.2,58.7,7.28
34.0,20.4,63.8,7.69
46.8,17.6,56.2,7.88
26.7,18.3,60.9,8.68
46.3,18.6,67.0,6.24
37.7,20.2,48.6,6.89
58.9,16.6,54.4,8.98
53.8,16.0,47.9,7.72
29.7,16.3,56.6,8.89
57.3,18.4,55.1,10.82
51.8,14.6,46.8,7.56
41.2,15.2,60.5,5.46
52.6,18.4,52.2,6.48
34.2,18.2,54.4,9.0
52.8,18.9,59.8,3.33
58.4,17.3,59.1,10.52
67.5,18.4,56.6,5.42
54.0,15.9,55.8,8.57
66.2,20.6,56.2,7.16
22.0,18.1,50.8,7.64
51.8,16.0,41.4,4.03
69.5,17.3,61.6,5.94
27.2,15.3,48.6,6.16
38.4,18.4,49.0,9.97
30.4,17.7,48.6,4.32
45.3,21.9,59.4,4.28
54.3,15.8,55.8,6.92
36.9,19.3,55.5,7.37
52.1,17.8,53.7,5.95
73.5,15.7,54.0,5.5
18.2,16.4,50.8,6.31
42.7,19.7,64.5,5.24
65.5,17.3,45.4,3.33
43.0,16.6,56.2,6.83
30.1,19.1,57.3,8.73
63.7,20.4,50.1,1.93
62.8,21.3,48.6,9.34
52.6,23.2,64.5,2.56
35.7,15.4,49.4,6.85
41.6,17.7,51.5,14.0
22.3,15.7,53.0,9.44
68.4,13.8,47.2,7.05
73.7,16.5,53.0,4.11
49.1,19.7,59.8,3.35
34.5,16.0,46.8,3.92
64.9,17.9,56.9,7.9
70.3,18.2,60.5,4.0
72.5,19.7,49.0,4.27
33.6,17.5,53.3,8.3
57.9,19.5,55.8,11.16
59.8,18.5,52.2,9.14
64.9,16.2,56.2,9.76
54.9,13.7,43.2,1.54
20.8,18.4,58.7,7.54
58.2,20.1,54.0,6.62
61.2,15.2,53.7,8.18
65.0,18.1,51.2,6.93
45.6,19.7,59.4,7.29
64.6,17.1,55.5,2.94
65.2,17.9,69.5,3.22
34.9,17.4,58.0,6.12
22.0,21.6,49.4,6.14
72.5,16.8,44.7,5.41
62.3,18.4,55.5,8.66
52.2,17.0,46.5,11.87
42.5,16.6,46.5,10.76
39.8,19.9,50.4,9.19
62.0,21.5,63.4,3.6
64.9,16.3,57.3,7.76
65.0,18.8,56.2,6.93
41.8,19.7,58.4,5.39
60.2,16.0,67.4,7.24
63.8,20.3,52.2,7.03
49.7,16.9,53.7,4.78
43.4,19.6,52.6,9.98
55.5,20.1,63.8,4.6
26.7,20.7,60.5,3.47
48.0,17.0,62.0,7.02
28.6,18.6,59.1,7.26
42.7,21.0,54.8,10.01
64.0,19.2,61.2,5.71
51.2,18.0,60.2,10.41
63.1,19.4,59.4,5.15
60.6,16.1,45.8,9.18
59.1,21.1,49.0,5.99
54.3,19.3,62.7,7.3
38.3,14.8,57.3,7.91
75.4,20.2,62.7,7.33
69.6,18.3,60.9,4.91
41.6,16.0,63.8,6.37
32.5,19.0,64.8,9.94
55.1,17.1,58.4,4.15
41.7,17.7,61.6,7.94
57.8,16.8,51.5,8.88
38.3,19.5,50.1,7.06
64.7,16.9,45.0,5.24
42.1,19.7,59.4,2.58
70.6,16.1,59.4,1.8
31.3,16.0,45.8,6.13
64.6,19.2,47.6,5.52
65.3,17.0,54.0,5.84
41.2,18.7,48.3,5.08
54.0,22.5,67.7,8.45
55.5,20.4,55.8,3.85
33.4,20.3,65.6,5.38
36.0,17.7,54.0,7.5
67.3,17.7,50.4,6.53
60.9,14.0,49.4,5.18
38.0,18.7,58.4,8.85
40.7,17.6,53.0,4.27
43.0,17.4,60.9,5.31
43.7,18.5,55.1,6.72
61.0,18.8,61.6,7.71
60.2,23.4,59.1,6.05
60.4,19.0,64.5,5.51
37.4,17.8,49.7,5.98
50.3,14.0,54.4,7.81
31.0,17.0,56.2,4.22
50.2,15.7,57.6,6.53
53.5,20.6,64.8,5.09
26.9,14.8,50.4,12.09
47.2,16.6,53.3,8.63
29.0,16.7,51.5,8.08
47.6,11.8,47.9,4.44
55.7,16.6,50.8,4.97
55.8,16.9,52.2,6.74
31.8,17.7,53.7,9.04
39.1,15.9,52.2,9.23
50.1,19.5,59.1,7.39
38.8,15.4,55.5,12.97
57.4,17.5,63.4,6.54
37.7,15.2,47.2,5.73
49.0,15.1,55.5,8.45
50.6,18.4,49.0,4.7
64.7,19.7,59.1,4.96
52.3,16.6,60.9,11.29
44.1,19.2,54.8,7.83
67.3,17.0,63.8,7.71
70.1,20.5,62.0,6.75
68.0,20.6,55.5,4.87
51.3,17.9,50.1,9.68
50.8,13.6,50.1,4.13
27.1,18.6,49.7,4.85
35.1,17.8,59.4,4.36
68.0,18.2,59.1,5.34
67.4,18.4,53.0,10.38
66.1,21.9,63.0,7.35
56.3,17.2,51.2,7.3
60.1,21.3,65.6,3.64
29.5,22.9,55.5,5.96
52.9,17.1,46.5,7.43
38.3,17.1,54.0,9.18
52.1,20.9,67.0,6.25
59.2,17.8,57.3,9.78
31.7,17.2,51.5,10.59
50.3,20.9,62.7,4.14
36.8,19.8,54.4,11.12
42.7,18.9,53.7,4.98
42.8,15.9,57.3,7.35
46.9,19.3,63.4,9.29
64.0,15.1,44.0,7.34
50.0,19.0,50.1,6.6
48.6,16.1,57.6,8.96
71.1,21.1,60.9,2.69
65.1,21.2,63.8,10.48
37.8,18.5,51.9,6.21
59.4,20.5,53.0,9.45
15.1,17.9,48.6,7.11
42.6,19.0,54.8,9.51
65.6,18.6,60.2,7.7
57.2,17.2,55.1,10.74
19.7,19.9,49.0,8.62
44.7,19.4,49.7,12.8
48.4,15.6,55.1,10.79
64.4,14.6,50.1,7.15
24.6,16.3,59.4,9.44
50.7,18.1,54.0,11.68
65.2,14.3,46.5,5.71
41.5,18.4,61.2,6.83
57.2,15.6,58.0,3.89
58.9,18.8,54.0,10.02
54.9,16.9,55.5,6.91
46.2,22.6,67.0,4.22
51.9,21.2,59.1,8.45
44.2,15.1,49.7,8.18
53.7,18.6,62.3,5.16
52.4,17.6,64.1,8.51
44.0,19.7,67.0,3.36
25.5,15.9,47.6,6.89
54.5,20.6,58.0,6.98
55.9,20.0,57.3,7.87
44.0,14.2,54.4,6.83
67.1,16.0,49.7,3.62
65.2,17.1,65.6,8.63
44.8,17.7,54.8,6.78
31.7,17.0,58.7,6.11
50.4,21.0,58.7,8.58
29.7,16.4,46.8,7.51
68.0,21.7,53.3,4.52
46.4,18.5,53.3,8.53
40.4,18.0,54.0,6.89
44.1,18.2,53.0,2.94
41.0,21.6,49.7,6.16
40.7,19.6,57.3,6.39
40.3,19.1,57.6,7.93
47.4,19.5,64.8,4.68
49.8,21.8,65.9,6.19
48.6,19.0,54.8,9.3
45.1,18.5,40.7,5.86
39.3,13.8,53.3,7.46
51.2,14.3,58.0,8.93
41.8,20.9,61.6,10.99
58.8,17.8,63.4,4.45
50.0,18.3,54.4,7.0
64.5,17.9,52.2,7.35
72.3,15.3,45.8,7.21
62.8,19.3,56.2,6.72
42.6,19.0,56.2,8.66
48.3,14.7,50.4,6.91
35.6,15.9,52.6,9.04
76.4,17.1,54.0,7.57
67.8,18.8,50.8,6.24
39.5,18.7,52.2,8.52
55.8,18.5,53.0,10.44
74.8,18.8,45.0,4.66
63.5,16.4,53.0,8.24
28.9,19.4,60.2,8.11
45.1,18.7,49.4,8.78
77.8,21.0,55.5,8.87
59.6,18.5,63.0,6.96
60.4,21.3,64.8,3.72
46.3,17.5,49.7,7.16
68.0,18.9,56.2,5.12
56.0,19.5,52.6,7.07
14.4,17.0,54.8,11.66
60.0,16.1,53.0,3.35
43.9,18.5,54.8,8.6
35.3,19.3,65.2,6.28
36.4,19.0,55.1,13.25
67.5,13.2,50.1,4.13
70.5,14.8,60.5,5.73
58.2,18.2,58.7,10.12
23.3,19.6,55.5,11.47
29.7,16.4,52.6,6.23
48.3,17.3,50.8,7.89
52.7,18.3,52.2,6.47
57.5,17.9,60.2,1.01
19.5,19.0,65.2,8.43
59.3,22.1,64.5,2.61
32.0,16.2,53.0,10.73
63.2,23.7,60.9,6.95
65.3,18.8,49.7,5.36
70.2,18.2,51.9,8.41
49.9,20.1,61.6,8.27
50.7,20.1,59.4,4.31
57.6,17.4,60.2,5.29
33.4,17.7,58.7,6.4
45.2,17.0,47.6,8.11
37.0,21.9,53.3,7.48
58.3,16.1,58.4,5.96
37.8,17.5,53.0,9.67
36.8,13.2,44.0,5.69
66.4,19.1,51.2,8.99
39.8,20.6,57.3,4.31
55.0,17.7,60.5,8.0
30.3,18.2,43.2,9.81
42.4,19.6,50.4,9.48
51.9,18.4,50.8,6.69
40.6,18.6,47.2,6.01
64.4,18.3,58.4,7.05
37.1,18.0,51.2,12.58
24.5,16.8,61.6,7.96
60.1,15.9,43.2,3.92
32.7,20.1,54.4,11.79
68.2,19.3,54.4,9.98
33.1,18.4,47.9,7.32
78.1,21.7,60.5,6.05
40.4,21.5,64.5,6.2
43.1,24.4,71.3,5.81
42.5,18.3,47.9,4.25
64.7,17.8,60.9,9.63
33.5,19.5,67.7,10.1
54.9,19.1,51.9,10.46
73.1,18.1,55.1,8.88
39.0,19.0,65.2,6.74
60.5,16.7,57.3,6.47
38.0,16.6,63.8,6.26
68.5,15.5,55.8,7.67
55.4,18.2,62.3,6.01
65.1,17.1,56.2,5.01
57.9,19.9,52.2,7.79
39.9,22.5,63.8,7.26
43.0,16.5,58.0,7.13
49.7,15.6,48.3,6.29
30.7,14.7,46.1,4.43
41.1,21.5,59.4,5.73
59.9,16.3,51.9,8.14
55.9,22.6,58.0,7.51
44.1,21.3,54.0,9.04
27.2,14.3,45.8,4.35
35.3,19.9,58.4,6.86
52.6,17.5,50.4,6.64
61.9,16.1,51.9,3.6
35.7,18.3,52.2,8.08
54.4,17.3,54.0,5.5
72.8,21.8,53.3,9.72
52.6,16.5,60.9,11.25
38.6,14.7,57.6,12.1
41.0,18.6,59.1,8.41
30.2,21.3,58.4,3.86
37.7,18.3,63.0,9.05
33.7,17.7,63.8,3.9
68.6,21.5,68.4,5.5
20.2,20.7,54.4,11.54
31.0,20.7,65.6,6.56
51.9,18.8,48.3,5.65
62.2,17.2,56.6,11.06
43.2,18.3,47.2,12.31
69.8,15.5,52.6,5.4
69.2,15.5,54.4,3.25
34.3,18.8,54.8,7.56
65.8,15.1,42.9,6.66
35.4,19.1,59.8,6.94
47.0,19.1,47.6,8.2
41.0,16.2,51.2,7.22
44.3,16.5,51.9,8.26
62.4,19.4,52.6,8.88
44.3,18.4,57.6,10.27
33.2,16.2,52.6,12.03
52.3,19.9,58.0,7.08
52.6,19.8,54.8,10.24
47.3,15.9,58.0,6.91
54.7,18.5,50.8,5.92
55.2,17.3,49.0,2.39
29.7,21.2,50.4,7.68
39.8,16.0,52.6,8.95
17.6,19.5,59.1,9.71
30.2,19.8,63.0,6.0
56.0,15.3,55.5,6.0
56.2,20.0,53.3,3.0
26.6,21.1,49.0,7.15
50.1,19.6,59.4,7.14
47.8,17.3,53.3,7.55
38.1,16.5,58.7,6.69
49.7,16.9,48.3,7.37
32.8,21.7,50.1,9.55
50.0,16.6,55.1,9.18
39.7,23.8,50.4,6.44
45.2,18.5,70.6,3.65
70.0,18.2,50.8,8.01
54.4,17.1,53.0,8.57
35.5,19.3,63.8,4.77
72.3,18.5,59.1,3.64
41.8,17.8,55.8,7.02
16.6,18.3,54.8,4.94
59.7,16.9,56.9,7.07
27.9,16.0,52.2,8.68
50.3,20.0,50.8,6.5
53.7,20.3,51.2,8.98
66.3,17.8,55.5,8.31
30.1,19.2,63.8,9.01
65.2,20.5,64.1,8.33
59.6,18.4,51.5,7.03
38.4,21.8,67.7,3.82
41.1,15.6,49.0,6.53
39.3,16.0,49.4,12.91
44.5,20.2,55.8,9.45
35.8,14.9,52.6,6.92
45.6,17.0,59.1,9.65
59.9,19.2,55.8,8.65
43.0,21.3,53.7,7.8
39.8,16.8,71.0,5.27
61.9,19.1,65.9,7.05
69.5,17.3,61.6,5.94
40.4,18.0,57.3,6.48
56.0,15.9,53.0,4.2
65.1,17.2,49.7,8.64
7.7,14.8,47.9,6.74
64.2,20.0,54.0,9.45
74.8,17.6,59.1,5.05
46.3,17.0,56.6,2.84
35.9,19.9,63.4,10.28
41.3,16.4,55.8,9.52
33.6,18.8,63.0,7.02
32.3,18.6,63.0,6.25
45.1,16.0,50.8,6.73
55.2,15.4,48.3,5.23
49.1,19.8,58.4,6.05
44.7,18.7,47.9,12.86
61.7,15.3,55.8,11.3
46.3,18.6,52.2,8.93
61.0,17.1,50.8,8.13
34.4,19.4,50.1,8.95
71.0,17.5,42.5,5.5
31.8,15.6,50.8,6.67
61.1,14.0,56.6,4.9
68.8,18.9,51.2,7.32
43.9,21.7,63.4,5.46
59.8,18.0,57.6,9.05
47.3,17.9,62.3,5.69
57.4,18.1,62.3,6.22
42.8,18.7,57.6,8.84
39.2,18.4,50.4,6.09
58.7,17.3,56.2,9.08
54.6,18.8,51.9,7.95
23.1,15.9,56.6,11.41
45.2,19.3,60.9,6.93
52.0,18.8,55.1,7.42
65.7,16.7,56.9,5.21
35.2,17.6,54.4,9.83
75.0,18.1,59.4,2.78
37.9,18.8,50.4,6.88
47.0,16.2,56.6,12.37
49.5,19.3,56.6,8.96
53.5,14.5,49.4,2.13
23.2,18.5,58.4,13.79
28.2,20.8,61.6,9.59
62.9,17.2,59.1,10.25
28.2,18.1,49.0,4.08
62.5,14.2,49.7,7.92
36.4,19.6,60.5,5.96
61.7,20.8,48.3,4.54
62.0,21.8,58.7,5.55
27.2,18.4,60.9,8.43
29.9,15.3,49.4,9.81
14.4,17.0,54.8,11.66
44.5,21.3,54.8,9.0
29.1,18.3,66.3,4.47
61.3,17.1,54.4,8.85
58.8,17.3,54.4,8.02
57.1,18.1,51.5,7.13
16.4,16.1,51.2,8.31
36.4,19.5,52.2,7.47
16.9,21.8,50.8,4.17
75.2,18.5,57.3,7.74
45.2,20.5,52.6,10.66
60.7,13.8,52.2,5.4
40.4,21.3,56.2,4.15
51.1,17.3,45.8,7.86
35.6,18.1,63.4,8.97
56.1,18.2,52.6,8.58
57.2,15.0,56.2,4.12
32.4,19.7,67.4,6.27
45.3,20.5,56.6,9.47
28.5,17.5,49.4,10.0
49.6,19.1,58.7,4.75
39.7,17.7,53.7,5.95
47.7,18.0,56.2,9.37
65.3,19.0,55.1,6.49
37.3,20.3,47.6,8.79
68.0,18.9,50.8,7.88
47.2,16.7,57.6,6.73
47.3,18.6,50.4,8.22
71.0,18.1,49.7,3.81
29.9,15.8,46.1,9.38
18.2,20.6,58.0,6.92
61.9,18.4,50.4,8.75
44.7,17.2,56.9,7.1
48.0,16.1,67.4,3.67
52.4,20.6,53.3,5.52
29.4,18.6,68.4,4.98
21.2,14.2,55.8,10.36
29.8,18.6,62.0,4.76
52.6,14.2,52.6,7.27
69.8,16.9,55.5,6.6
31.0,16.3,52.6,9.23
48.2,21.2,57.3,5.34
42.1,15.9,58.0,8.34
43.8,16.0,53.7,6.3
31.0,20.5,49.7,9.0
32.0,21.3,54.8,9.32
54.3,19.5,62.3,5.28
54.9,16.7,55.1,6.36
51.1,16.9,49.0,5.34
17.1,17.5,59.8,7.62
75.8,19.9,46.5,6.67
33.2,18.0,58.7,8.4
48.2,14.1,49.4,5.19
57.3,18.4,55.1,10.82
39.7,17.8,49.7,7.97
53.6,21.0,67.7,2.67
65.0,20.1,50.8,7.56
43.3,15.3,52.6,8.55
42.3,21.4,47.2,8.82
49.6,20.3,56.9,7.16
35.2,17.9,59.8,6.01
61.1,18.0,58.0,5.63
44.0,20.6,58.4,8.72
39.4,17.4,47.9,12.05
44.9,13.2,58.0,6.62
39.8,16.7,57.3,9.2
38.1,19.1,59.4,5.57
18.7,20.1,53.7,8.57
61.9,15.9,57.3,4.31
57.2,15.6,58.0,3.89
40.0,18.3,52.6,9.91
66.2,14.4,50.8,7.59
26.7,18.9,49.7,8.85
28.6,15.5,50.1,7.5
55.3,19.9,56.2,8.37
49.1,12.6,53.3,6.54
60.8,18.0,47.9,6.72
63.0,17.7,60.2,5.03
48.1,16.1,49.7,9.12
44.4,16.4,47.6,10.8
46.2,21.3,61.6,8.59
67.4,18.2,52.6,2.61
44.6,17.0,56.2,12.77
42.3,17.9,57.3,10.57
57.9,16.0,55.8,10.64
65.0,14.9,45.8,8.09
55.3,15.0,50.8,9.29
43.6,21.0,50.1,4.29
62.8,16.5,57.3,7.02
42.3,19.8,56.9,9.59
40.5,19.3,52.2,8.57
41.0,15.7,58.0,6.9
45.5,16.5,59.8,3.04
52.5,18.8,60.9,7.48
36.3,16.2,55.1,8.96
64.5,14.3,55.5,6.49
16.1,15.1,44.3,7.31
35.7,19.1,56.9,9.31
20.9,16.5,58.7,7.63
62.4,18.3,47.9,4.22
37.7,17.9,51.5,11.86
56.4,18.3,50.8,7.24
33.1,12.2,59.1,0.1
53.2,17.1,54.4,9.45
47.9,17.8,59.1,4.91
65.0,20.1,55.1,9.63
57.9,15.5,57.3,5.72
22.4,17.5,59.1,8.89
65.5,18.3,59.8,4.43
66.3,19.1,60.5,7.11
42.2,17.9,60.5,7.13
47.4,17.9,62.0,5.97
42.9,19.4,46.8,11.44
38.4,17.3,60.5,7.77
52.3,21.0,66.3,6.07
75.8,17.1,58.0,8.23
46.5,21.2,62.3,8.45
48.1,12.6,54.4,7.01
48.8,15.5,60.2,7.64
66.2,18.9,56.2,8.1
24.6,22.0,54.0,11.15
72.4,17.3,61.2,6.18
25.7,14.1,51.5,8.91
51.7,17.0,55.8,6.07
32.9,20.3,59.8,4.63
31.8,15.5,56.9,8.6
42.2,18.2,58.4,3.8
46.2,18.5,50.8,9.6
28.5,14.3,54.4,9.95
68.0,21.2,53.7,7.76
51.5,15.7,48.6,8.33
56.8,15.7,54.8,7.95
35.7,18.6,62.3,6.5
54.5,20.8,55.5,9.31
47.4,14.6,53.3,8.89
40.9,16.6,55.8,8.05
46.7,21.4,60.5,6.51
32.0,20.3,60.5,6.62
40.3,16.6,49.0,10.61
55.6,21.4,50.4,5.01
41.1,20.4,55.5,7.63
39.4,19.4,59.8,8.92
63.5,16.4,51.9,9.23
45.8,17.1,52.2,7.59
57.2,17.0,56.6,9.35
65.3,15.5,47.2,3.89
59.7,19.8,59.1,5.44
54.3,17.2,53.0,6.23
77.0,20.7,54.4,3.79
77.8,18.4,65.2,6.34
39.8,20.6,49.4,7.0
55.4,20.3,60.5,3.25
48.9,21.2,54.8,7.94
21.2,17.3,54.4,11.64
69.7,17.1,50.4,9.84
61.6,20.8,59.8,6.13
67.4,19.9,52.6,9.53
43.6,16.0,53.7,6.14
51.8,15.9,53.3,10.48
70.9,15.6,50.1,5.45
67.4,16.9,48.6,2.92
40.4,21.7,56.2,7.55
56.5,15.8,45.4,7.92
49.0,17.7,55.8,10.18
38.2,16.3,56.6,9.9
72.4,16.9,60.2,7.19
61.5,15.2,55.1,5.64
57.8,18.2,53.3,9.6
46.0,17.2,55.1,5.06
43.7,17.9,61.2,8.63
31.8,16.1,44.7,10.6
63.6,17.5,58.7,5.17
44.2,17.7,55.1,8.28
45.7,18.6,62.7,3.73
50.5,14.8,59.8,7.6
41.4,16.7,59.1,6.75
53.7,16.5,49.7,10.0
34.9,18.3,51.9,9.17
66.6,17.8,59.4,8.77
18.9,17.5,51.5,5.32
36.5,19.9,53.0,8.29
50.7,19.5,56.9,10.46
42.8,19.4,64.5,5.63
45.8,20.8,51.5,5.65
55.2,17.8,49.0,6.96
10.3,18.2,67.0,4.34
39.6,19.4,61.2,6.24
38.7,19.3,58.0,8.51
31.1,21.1,56.2,8.56
9.6,19.7,56.2,13.92
29.0,17.7,55.8,8.46
58.6,16.7,57.3,7.81
33.0,16.9,47.9,9.93
41.7,18.0,57.6,6.23
60.3,19.6,65.2,6.23
32.5,16.7,53.3,12.74
70.7,15.0,59.1,6.15
33.0,18.2,57.6,3.65
36.4,19.3,56.6,7.06
48.4,17.3,58.4,6.98
23.5,16.9,56.2,6.54
50.4,18.7,54.8,4.87
73.3,16.7,47.2,8.43
51.4,13.9,60.2,6.99
66.9,20.6,60.5,4.33
36.7,14.3,55.8,10.39
52.7,19.5,55.8,7.59
42.2,18.1,63.4,5.62
40.7,14.7,55.1,8.3
60.2,16.6,49.7,8.22
58.6,20.9,67.4,6.46
47.1,16.7,59.4,10.32
39.9,16.0,50.4,5.46
41.1,16.4,45.4,4.92
71.0,14.5,46.5,6.33
69.2,20.1,65.9,4.93
35.1,16.9,53.0,8.06
54.3,16.4,62.0,5.62
69.8,21.7,64.5,6.72
53.5,17.2,55.5,7.05
18.3,19.6,51.5,10.16
59.9,20.3,65.6,3.81
31.0,20.6,61.6,5.87
66.8,14.7,55.1,5.71
36.3,20.0,61.2,7.19
50.9,16.0,55.5,8.53
22.0,19.1,64.1,8.9
18.2,14.2,55.8,12.02
55.1,15.0,45.0,8.88
40.9,16.9,54.0,7.04
43.3,15.4,51.5,9.0
41.9,15.6,49.4,7.55
54.4,15.6,56.6,8.68
58.6,19.5,54.4,9.97
53.4,19.5,62.0,4.52
45.7,19.9,59.4,8.22
34.7,19.1,50.8,10.02
21.6,16.6,64.8,5.87
39.8,18.7,58.4,5.19
47.7,19.8,53.0,6.73
71.6,18.9,57.3,3.52
57.8,18.3,58.7,9.79
62.1,15.7,59.8,7.48
14.0,19.2,52.6,6.14
75.0,20.2,61.2,4.53
35.4,16.4,43.2,5.78
76.8,20.9,60.9,1.94
31.3,19.4,53.7,11.63
58.9,17.6,43.6,5.45
64.4,18.8,48.3,5.32
30.0,21.4,63.4,3.48
71.7,18.2,59.8,8.43
49.5,19.3,56.6,8.96
68.4,12.9,48.3,7.59
31.0,17.4,55.1,10.89
63.8,18.6,50.1,4.7
18.7,19.1,58.7,6.85
40.8,21.4,65.2,4.61
39.4,19.4,62.3,6.38
29.4,15.9,47.2,9.61
66.3,19.3,65.9,6.86
34.3,21.2,52.2,9.42
54.5,17.7,54.4,5.76
70.1,20.5,62.0,6.75
38.4,17.4,55.5,7.84
39.7,16.3,55.8,10.94
39.5,20.0,55.1,7.79
37.6,19.5,50.8,5.36
22.4,15.7,53.3,6.86
57.0,18.3,58.0,7.2
15.9,18.5,50.1,8.57
52.8,19.4,63.4,5.17
64.5,18.8,59.1,8.01
29.3,17.0,59.8,10.8
27.2,16.5,53.7,7.86
62.1,17.6,56.6,8.89
59.5,20.0,63.0,8.15
55.0,18.1,55.5,6.78
51.6,19.2,51.9,10.33
21.4,18.9,56.2,9.97
38.2,16.0,43.6,5.99
53.9,19.8,62.3,3.5
40.5,18.1,54.0,10.07
40.8,18.5,49.4,10.51
75.1,18.5,49.4,3.37
57.2,16.9,53.7,7.2
75.9,19.0,65.6,8.46
60.0,17.6,63.0,5.24
42.0,14.7,45.8,7.2
57.3,16.4,53.3,7.36
17.1,19.5,53.7,8.48
33.0,20.6,54.4,8.5
24.7,18.0,45.4,5.53
46.0,16.9,57.3,5.58
47.6,15.7,46.8,9.25
77.3,14.7,55.5,5.53
61.8,18.8,57.6,8.16
54.3,19.7,59.4,5.03
51.7,19.3,56.2,8.14
36.2,18.7,54.8,11.58
31.7,13.5,56.6,9.22
53.0,16.6,61.6,3.21
30.8,16.5,46.1,8.07
58.8,17.3,53.3,5.9
45.0,17.8,58.7,7.04
48.4,16.9,63.0,6.68
23.5,17.0,55.8,10.26
64.4,16.5,49.4,4.16
35.0,19.3,52.6,9.57
59.5,16.5,49.4,3.27
47.5,17.1,59.8,9.01
42.6,18.7,52.6,6.35
36.7,18.1,48.6,4.73
39.3,16.3,48.6,10.07
36.8,14.7,51.9,10.02
40.9,18.3,53.3,8.7
41.3,14.5,56.2,5.54
60.6,18.5,56.2,7.09
53.1,15.5,60.2,5.28
54.9,21.0,62.3,7.48
38.3,18.5,56.9,8.73
44.8,16.3,49.4,7.59
30.4,14.8,50.4,10.44
82.9,19.2,49.0,7.77
37.8,18.5,49.0,9.04
83.0,16.2,50.4,5.91
63.7,16.9,63.0,3.99
53.6,16.2,54.8,8.09
48.4,19.6,65.9,4.85
43.3,14.7,55.5,6.5
45.3,18.7,66.6,4.95
59.6,23.0,56.2,5.76
69.9,14.4,52.6,3.22
45.6,16.9,57.3,5.99
55.2,16.6,50.8,7.84
67.4,21.4,60.2,8.19
62.6,20.2,64.1,7.78
47.1,18.6,50.1,11.51
68.3,17.4,57.6,0.1
47.8,19.6,63.0,7.11
39.2,16.0,55.5,7.11
61.9,17.4,50.1,9.18
46.8,15.3,50.8,9.99
49.5,21.6,60.9,5.89
42.0,20.0,65.6,0.3
46.6,17.1,58.0,4.63
37.4,19.4,50.8,9.97
49.2,14.9,49.7,7.91
47.6,16.4,62.3,7.29
39.4,17.5,55.5,12.66
57.0,19.4,68.4,1.93
54.7,13.9,58.0,6.01
58.2,19.5,52.6,11.06
44.4,20.5,48.3,7.02
40.2,17.2,46.1,5.89
53.7,19.2,55.5,9.86
64.8,19.3,46.1,6.19
23.3,16.4,49.0,6.21
32.4,18.8,49.0,7.14
43.3,17.0,58.0,10.14
50.1,17.1,54.0,8.0
26.7,20.6,63.0,7.15
39.4,18.3,53.7,7.34
32.6,14.6,50.1,7.78
57.6,18.3,53.3,7.77
55.2,19.7,56.9,3.31
59.4,16.4,52.2,5.86
80.3,19.4,59.4,10.92
49.1,17.5,59.1,7.98
35.5,18.6,64.1,10.42
30.8,16.3,55.1,10.21
51.8,19.7,51.9,4.53
26.5,19.6,52.6,11.51
57.1,14.5,55.8,7.38
36.0,18.1,60.5,5.04
53.0,18.2,53.0,6.46
35.7,21.7,63.0,4.76
40.4,17.4,58.7,7.26
41.8,17.7,55.1,7.88
54.3,17.0,54.0,7.57
51.2,18.3,65.9,5.13
57.9,18.9,41.4,2.62
53.0,16.6,58.0,6.89
62.5,17.3,53.7,9.76
35.1,14.2,54.8,10.33
70.7,18.3,58.7,8.6
22.1,17.6,57.6,7.51
51.8,19.6,55.8,9.37
48.7,18.3,63.8,7.41
61.1,16.2,45.8,9.09
47.8,16.6,53.7,5.99
62.7,16.8,50.4,7.84
66.0,17.7,56.9,6.67
42.0,16.2,45.8,6.42
49.5,19.1,63.8,5.93
22.0,15.4,54.0,9.43
54.6,17.9,51.5,10.55
46.6,16.8,59.4,8.48
72.5,15.7,54.8,2.23
36.7,17.8,60.5,10.07
33.4,16.1,56.9,9.6
33.1,18.5,62.7,7.7
35.2,16.8,45.0,7.24
31.2,18.6,64.1,7.27
44.4,19.0,63.8,3.1
52.1,17.4,56.9,6.54
37.3,18.4,62.7,7.36
75.1,15.4,53.3,6.35
39.3,17.0,50.1,9.08
53.1,19.2,50.1,9.83
61.1,15.3,53.3,5.96
69.4,20.3,62.3,2.56
42.9,15.1,45.0,3.53
53.9,20.6,52.2,10.09
59.6,16.2,53.0,5.35
57.5,15.6,50.4,10.46
49.3,17.9,58.4,10.63
42.3,17.9,57.3,10.57
41.7,16.4,56.9,10.78
26.0,21.1,62.3,7.1
43.7,15.3,51.2,7.35
46.2,17.7,56.2,8.15
37.5,16.4,49.0,5.87
27.3,18.6,60.5,7.46
36.3,24.7,62.3,4.64
62.6,16.2,55.5,4.99
68.4,18.2,57.6,5.54
41.9,17.5,56.9,11.18
29.6,19.8,55.5,7.61
58.1,18.1,55.5,8.22
34.3,17.8,53.0,7.87
51.7,17.7,60.5,6.84
41.5,17.4,50.1,10.78
68.1,22.1,65.6,4.52
68.5,19.5,65.9,6.63
45.4,16.8,45.0,3.42
58.7,17.1,48.3,7.32
45.0,19.4,66.6,7.81
49.2,17.6,56.2,10.22
48.5,18.5,50.1,6.2
52.0,19.7,64.8,6.94
58.0,19.2,64.8,3.19
35.6,18.1,55.5,11.18
40.1,19.5,47.6,7.62
54.9,17.3,55.5,7.93
27.2,20.2,59.4,7.84
63.4,17.1,53.7,8.78
30.3,15.6,53.0,9.4
45.3,17.7,51.9,11.11
33.6,19.0,59.1,6.86
35.6,16.4,56.2,5.66
49.6,18.8,51.5,9.24
59.5,15.8,52.2,3.75
49.5,15.0,46.8,7.68
53.9,13.5,46.8,8.54
37.4,14.9,44.7,9.67
59.3,18.5,59.4,11.89
39.5,20.0,55.1,7.79
46.0,16.9,57.3,5.58
70.6,18.5,59.4,4.98
58.0,20.5,56.6,7.65
76.7,18.1,49.0,7.46
57.5,18.2,61.6,6.45
36.1,19.3,54.8,7.36
41.4,21.7,55.8,5.33
36.8,18.2,49.4,6.34
56.2,19.4,53.7,5.34
48.4,19.1,63.8,3.71
80.6,18.2,58.7,6.44
53.5,17.8,53.7,5.64
54.7,19.5,64.5,4.79
54.0,14.4,55.8,7.3
42.4,18.0,58.4,7.84
55.7,18.3,68.1,5.31
46.7,17.0,59.8,5.12
37.6,18.7,56.6,8.55
36.5,20.1,60.5,5.17
45.6,20.3,64.1,6.18
46.3,18.7,62.3,3.93
43.9,17.8,58.4,4.54
32.2,21.7,62.7,8.63
21.4,17.3,51.5,10.52
39.7,15.5,60.5,8.73
23.8,16.4,52.6,10.8
54.4,16.2,43.6,3.41
65.1,16.7,52.6,5.95
36.4,21.1,58.4,6.89
64.2,15.4,54.4,11.48
40.8,22.1,59.8,6.54
21.7,20.3,64.8,7.37
40.0,17.2,68.8,3.81
76.3,19.2,52.6,10.14
38.1,15.2,65.6,4.22
63.3,18.6,55.5,10.04
61.1,21.1,59.4,7.08
37.1,19.0,61.6,6.33
37.8,19.8,56.9,8.04
30.2,18.2,66.3,6.96
74.7,17.1,60.2,3.48
54.3,22.6,58.0,6.16
57.1,17.1,55.8,8.31
65.8,18.1,60.9,5.31
